-- MariaDB dump 10.19  Distrib 10.4.28-MariaDB, for Win64 (AMD64)
--
-- Host: localhost    Database: pytania
-- ------------------------------------------------------
-- Server version	10.4.28-MariaDB

/*!40101 SET @OLD_CHARACTER_SET_CLIENT=@@CHARACTER_SET_CLIENT */;
/*!40101 SET @OLD_CHARACTER_SET_RESULTS=@@CHARACTER_SET_RESULTS */;
/*!40101 SET @OLD_COLLATION_CONNECTION=@@COLLATION_CONNECTION */;
/*!40101 SET NAMES utf8mb4 */;
/*!40103 SET @OLD_TIME_ZONE=@@TIME_ZONE */;
/*!40103 SET TIME_ZONE='+00:00' */;
/*!40014 SET @OLD_UNIQUE_CHECKS=@@UNIQUE_CHECKS, UNIQUE_CHECKS=0 */;
/*!40014 SET @OLD_FOREIGN_KEY_CHECKS=@@FOREIGN_KEY_CHECKS, FOREIGN_KEY_CHECKS=0 */;
/*!40101 SET @OLD_SQL_MODE=@@SQL_MODE, SQL_MODE='NO_AUTO_VALUE_ON_ZERO' */;
/*!40111 SET @OLD_SQL_NOTES=@@SQL_NOTES, SQL_NOTES=0 */;

--
-- Table structure for table `knockoff`
--

DROP TABLE IF EXISTS `knockoff`;
/*!40101 SET @saved_cs_client     = @@character_set_client */;
/*!40101 SET character_set_client = utf8 */;
CREATE TABLE `knockoff` (
  `id` int(11) NOT NULL AUTO_INCREMENT,
  `nazwa_zdjecia` varchar(255) NOT NULL,
  PRIMARY KEY (`id`)
) ENGINE=InnoDB AUTO_INCREMENT=42 DEFAULT CHARSET=utf8mb4 COLLATE=utf8mb4_general_ci;
/*!40101 SET character_set_client = @saved_cs_client */;

--
-- Dumping data for table `knockoff`
--

LOCK TABLES `knockoff` WRITE;
/*!40000 ALTER TABLE `knockoff` DISABLE KEYS */;
INSERT INTO `knockoff` VALUES (5,'z5.jpg'),(9,'z9.jpg'),(24,'z24.jpg'),(27,'z27.jpg'),(28,'z28.jpg'),(36,'z36.jpg'),(41,'z41.jpg');
/*!40000 ALTER TABLE `knockoff` ENABLE KEYS */;
UNLOCK TABLES;

--
-- Table structure for table `odpowiedzi`
--

DROP TABLE IF EXISTS `odpowiedzi`;
/*!40101 SET @saved_cs_client     = @@character_set_client */;
/*!40101 SET character_set_client = utf8 */;
CREATE TABLE `odpowiedzi` (
  `id` int(11) NOT NULL AUTO_INCREMENT,
  `pytanie_id` int(11) DEFAULT NULL,
  `tresc` text NOT NULL,
  `czy_poprawna` tinyint(1) DEFAULT 0,
  PRIMARY KEY (`id`),
  KEY `pytanie_id` (`pytanie_id`),
  CONSTRAINT `odpowiedzi_ibfk_1` FOREIGN KEY (`pytanie_id`) REFERENCES `pytania` (`id`) ON DELETE CASCADE
) ENGINE=InnoDB AUTO_INCREMENT=319 DEFAULT CHARSET=utf8mb4 COLLATE=utf8mb4_general_ci;
/*!40101 SET character_set_client = @saved_cs_client */;

--
-- Dumping data for table `odpowiedzi`
--

LOCK TABLES `odpowiedzi` WRITE;
/*!40000 ALTER TABLE `odpowiedzi` DISABLE KEYS */;
INSERT INTO `odpowiedzi` VALUES (1,1,'Atak DoS',0),(2,1,'kradziez tozsamosci',0),(3,1,'oprogramowanie szpiegujace',1),(4,1,'atak zero-day',0),(5,2,'Internet',0),(6,2,'intranet',0),(7,2,'ekstranet',1),(8,2,'rozszerzona siec',0),(9,3,'przetwarzanie w chmurze',0),(10,3,'wspolpraca online',0),(11,3,'przynies wlasne urzadzenie',1),(12,3,'wideokonferencje',0),(13,4,'Jest to organ normalizacyjny, ktory opracowuje standardy okablowania i okablowania dla sieci.',0),(14,4,'Jest to protokol, ktory ustala, w jaki sposob komputery w sieci lokalnej komunikuja sie.',0),(15,4,'Jest to organizacja, ktora umozliwia osobom fizycznym i firmom laczenie sie z Internetem.',1),(16,4,'Jest to urzadzenie sieciowe, ktore laczy funkcjonalnosc kilku roznych urzadzen sieciowych w jednym.',0),(17,6,'intranet',1),(18,6,'Internet',0),(19,6,'ekstranet',0),(20,6,'siec lokalna',0),(21,7,'Nowe \"inteligentne\" okablowanie elektryczne jest uzywane do rozszerzenia istniejacej domowej sieci LAN.',0),(22,7,'Domowa siec LAN jest instalowana bez uzycia fizycznego okablowania.',0),(23,7,'Urzadzenie laczy sie z istniejaca domowa siecia LAN za pomoca adaptera i istniejacego gniazdka elektrycznego.',1),(24,7,'Bezprzewodowe punkty dostepowe wykorzystuja adaptery powerline do dystrybucji danych przez domowa siec LAN.',0),(25,8,'tolerancja na bledy',0),(26,8,'skalowalnosc',0),(27,8,'bezpieczenstwo',1),(28,8,'Jakosc uslug (QoS)',0),(29,8,'niezawodnosc',0),(30,10,'rodzaje danych, ktore musza byc traktowane priorytetowo',0),(31,10,'koszt urzadzen koncowych wykorzystywanych w sieci',0),(32,10,'odleglosc, na jaka wybrane medium moze z powodzeniem przenosic sygnal',1),(33,10,'liczba urzadzen posrednich zainstalowanych w sieci',0),(34,10,'srodowisko, w ktorym ma byc zainstalowane wybrane medium',1),(35,11,'e-mail',0),(36,11,'zakupy on-line',0),(37,11,'wideokonferencje',1),(38,11,'wiki',0),(39,12,'wdrazanie zapory ogniowej',1),(40,12,'instalowanie sieci bezprzewodowej',0),(41,12,'instalowanie oprogramowania antywirusowego',1),(42,12,'wdrozenie systemu wykrywania wlaman',0),(43,12,'dodanie dedykowanego urzadzenia zapobiegajacego wlamaniom',0),(48,13,'Interfejs VTY',1),(49,13,'interfejs konsoli',1),(50,13,'Interfejs Ethernet',0),(51,13,'rozruch w trybie IOS',0),(52,13,'uprzywilejowany tryb EXEC',1),(53,13,'tryb konfiguracji routera',0),(54,14,'interfejs AUX',0),(55,14,'interfejs portu konsoli',0),(56,14,'przelacznik wirtualny interfejs',1),(57,14,'pierwszy interfejs portu Ethernet',0),(58,15,'Aboruje biezace polecenie i wraca do trybu konfiguracji.',0),(59,15,'Wychodzi z trybu konfiguracji i wraca do trybu EXEC uzytkownika.',0),(60,15,'Przesuwa kursor na poczatek nastepnej linii.',0),(61,15,'Uzupelnia reszte czesciowo wpisanego slowa w poleceniu.',1),(62,16,'Wydaj polecenie przeladowania bez zapisywania uruchomionej konfiguracji.',1),(63,16,'Usun plik vlan.dat i uruchom ponownie urzadzenie.',0),(64,16,'Zamknij i ponownie otworz oprogramowanie do emulacji terminala.',0),(65,16,'Wydaj polecenie copy startup-config running-config.',0),(66,17,'aby ponownie uruchomic proces pingowania',0),(67,17,'aby przerwac proces ping',1),(68,17,'aby wyjsc do innego trybu konfiguracji',0),(69,17,'aby umozliwic uzytkownikowi wykonanie polecenia',0),(70,18,'letmein',0),(71,18,'sekret',0),(72,18,'liniaconin',1),(73,18,'linia',0),(74,19,'Dostep do Telnetu',0),(75,19,'SVI',1),(76,19,'szyfrowanie haslem',0),(77,19,'fizyczny dostep do switchport',0),(78,20,'koniec (end)',0),(79,20,'wyjscie (exit)',1),(80,20,'Ctrl-Z',0),(81,20,'Ctrl-C',0),(82,21,'Pamiec RAM zapewnia nieulotna pamiec masowa.',0),(83,21,'Konfiguracja, ktora aktywnie dziala na urzadzeniu, jest przechowywana w pamieci RAM.',1),(84,21,'Zawartosc pamieci RAM jest tracona podczas cyklu zasilania.',1),(85,21,'Pamiec RAM jest skladnikiem przelacznikow Cisco, ale nie w routerach Cisco.',0),(86,21,'Pamiec RAM jest w stanie przechowywac wiele wersji IOS i plikow konfiguracyjnych.',0),(87,22,'Branch2!',0),(88,22,'RM-3-Switch-2A4',1),(89,22,'Floor(15)',0),(90,22,'HO Floor 17',0),(91,22,'SwBranch799',1),(92,23,'SSH nawiazuje polaczenia przez siec, podczas gdy Telnet jest dla dostepu poza pasmem.',0),(93,23,'SSH zapewnia bezpieczenstwo zdalnym sesjom poprzez szyfrowanie wiadomosci i korzystanie z uwierzytelniania uzytkownika. Telnet jest uwazany za niezabezpieczony i wysyla wiadomosci w postaci zwyklego tekstu.',1),(94,23,'SSH wymaga uzycia programu emulacji terminala PuTTY. Tera Term musi byc uzywany do laczenia sie z urzadzeniami za pomoca Telnet.',0),(95,23,'SSH musi byc skonfigurowany przez aktywne polaczenie sieciowe, podczas gdy Telnet jest uzywany do laczenia sie z urzadzeniem za pomoca polaczenia konsoli.',0),(96,25,'Zostal zaprojektowany jako protokol bezpieczenstwa do ochrony portow przelacznikow.',0),(97,25,'Nie jest powiazany z zadnym fizycznym interfejsem na przelaczniku.',1),(98,25,'Jest to specjalny interfejs, ktory umozliwia lacznosc roznych typow mediow.',0),(99,25,'Wymagane jest umozliwienie polaczenia przez dowolne urzadzenie w dowolnej lokalizacji.',0),(100,25,'Zapewnia sposob zdalnego zarzadzania przelacznikiem.',1),(101,25,'Domyslnie jest powiazany z VLAN1.',1),(102,26,'konfiguracja ip',0),(103,26,'ping',0),(104,26,'Traceroute',0),(105,26,'pokaz krotki interfejs ip',1),(106,29,'polecenie',0),(107,29,'slowo kluczowe',1),(108,29,'zmienna',0),(109,29,'podpowiedz',0),(110,30,'Nowa konfiguracja bedzie przechowywana w pamieci flash.',0),(111,30,'Nowa konfiguracja zostanie zaladowana, jesli przelacznik zostanie zrestartowany.',1),(112,30,'Obecny plik IOS zostanie zastapiony nowo skonfigurowanym plikiem.',0),(113,30,'Zmiany konfiguracji zostana usuniete, a oryginalna konfiguracja zostanie przywrocona.',0),(114,31,'(config)# enable password secret',0),(115,31,'(config)# enable secret Secret_Password',0),(116,31,'(config-line)# password secret',0),(117,31,'(config)# service password-encryption',1),(118,31,'(config)# enable secret Encrypted_Password',0),(119,32,'To polecenie szyfruje hasla, gdy sa przesylane przez szeregowe lacza WAN.',0),(120,32,'To polecenie uniemozliwia komus przegladanie biezacych hasel konfiguracyjnych.',1),(121,32,'To polecenie umozliwia silny algorytm szyfrowania dla polecenia wlacz tajne haslo.',0),(122,32,'To polecenie automatycznie szyfruje hasla w plikach konfiguracyjnych, ktore sa obecnie przechowywane w pamieci NVRAM.',0),(123,32,'To polecenie zapewnia ekskluzywne zaszyfrowane haslo dla zewnetrznego personelu serwisowego, ktory jest zobowiazany do konserwacji routera.',0),(124,34,'Dane sa wysylane z warstwy internetowej do warstwy dostepu do sieci.',0),(125,34,'Pakiety sa wysylane z warstwy dostepu do sieci do warstwy transportowej.',0),(126,34,'Segmenty sa wysylane z warstwy transportowej do warstwy internetowej.',1),(127,34,'Frames are sent from the network access layer to the internet layer.',0),(128,35,'ARP',0),(129,35,'DHCP',1),(130,35,'DNS',1),(131,35,'FTP',1),(132,35,'NAT',0),(133,35,'PPP',0),(134,37,'kawalki',0),(135,37,'dane',0),(136,37,'ramka',0),(137,37,'paczka',0),(138,37,'segment',1),(139,38,'Adres serwera DNS',0),(140,38,'subnet mask',1),(141,38,'domyslna brama',0),(142,38,'Adres serwera DHCP',0),(143,39,'enkapsulacja',1),(144,39,'kodowanie',0),(145,39,'segmentacja',0),(146,39,'kontrola przeplywu',0),(147,40,'internet',1),(148,40,'transport',0),(149,40,'dostep do sieci',0),(150,40,'sesja',0),(151,42,'plik',0),(152,42,'ramka',1),(153,42,'packet',0),(154,42,'segment',0),(175,43,'ServerB wygeneruje pakiet z docelowym adresem IP RouterB.',0),(176,43,'ServerB wygeneruje ramke z docelowym adresem MAC SwitchB.',0),(177,43,'ServerB wygeneruje pakiet z docelowym adresem IP RouterA.',0),(178,43,'ServerB wygeneruje ramke z docelowym adresem MAC RouterB.',1),(179,43,'ServerB wygeneruje pakiet z docelowym adresem IP HostA.',1),(180,43,'ServerB wygeneruje ramke z docelowym adresem MAC RouterA.',0),(181,44,'enkapsulacja',0),(182,44,'kontrola przeplywu',0),(183,44,'metoda dostepu',0),(184,44,'limit czasu odpowiedzi',1),(185,45,'Ethernet, IP, TCP, HTTP',1),(186,45,'HTTP, TCP, IP, Ethernet',0),(187,45,'Ethernet, TCP, IP, HTTP',0),(188,45,'HTTP, Ethernet, IP, TCP',0),(189,46,'lacze danych',1),(190,46,'siec',0),(191,46,'fizyczny',1),(192,46,'sesja',0),(193,46,'transport',0),(194,47,'warstwa fizyczna',0),(195,47,'warstwa lacza danych',0),(196,47,'warstwa sieciowa',1),(197,47,'warstwa transportowa',0),(198,48,'Sa one wysylane do wybranej grupy gospodarzy.',1),(199,48,'Sa one wysylane do wszystkich hostow w sieci.',0),(200,48,'Musza zostac uznane.',0),(201,48,'Sa wysylani do jednego miejsca docelowego.',0),(202,49,'Protokoly sieciowe okreslaja rodzaj uzywanego sprzetu i sposob jego montazu w szafach.',0),(203,49,'Okreslaja one, w jaki sposob wiadomosci sa wymieniane miedzy zrodlem a miejscem docelowym.',1),(204,49,'Wszystkie one dzialaja w warstwie dostepu do sieci TCP/IP.',0),(205,49,'Sa one wymagane tylko do wymiany wiadomosci miedzy urzadzeniami w sieciach zdalnych.',0),(206,50,'Komunikacja sieciowa ogranicza sie do transferu danych miedzy urzadzeniami od tego samego dostawcy.',0),(207,50,'Host klienta i serwer z roznymi systemami operacyjnymi moga z powodzeniem wymieniac dane.',1),(208,50,'Dostep do Internetu moze byc kontrolowany przez jednego dostawce uslug internetowych na kazdym rynku.',0),(209,50,'Konkurencja i innowacyjnosc sa ograniczone do okreslonych rodzajow produktow.',0),(210,51,'router',1),(211,51,'zapora ogniowa',0),(212,51,'serwer internetowy',0),(213,51,'modem DSL',0),(214,52,'192.168.5.10',1),(215,52,'192.168.10.5',0),(216,52,'192.168.10.1',0),(217,52,'192.168.5.0',0),(218,53,'aby wlaczyc przelacznik wysylania ramek nadawczych do podlaczonych komputerow',0),(219,53,'aby umozliwic przelacznikowi dzialanie jako domyslna brama',0),(220,53,'aby umozliwic zdalne zarzadzanie przelacznikiem',1),(221,53,'aby umozliwic przelacznikowi odbieranie ramek z podlaczonych komputerow',0),(222,54,'Nalezy uzyc calego polecenia, configure terminal.',0),(223,54,'Administrator jest juz w trybie konfiguracji globalnej.',0),(224,54,'Administrator musi najpierw wejsc w uprzywilejowany tryb EXEC przed wydaniem polecenia.',1),(225,54,'Administrator musi polaczyc sie przez port konsoli, aby uzyskac dostep do trybu konfiguracji globalnej.',0),(226,55,'ekstranet',1),(227,55,'chmura',0),(228,55,'BYOD',0),(229,55,'jakosc uslug',0),(230,56,'chmura',1),(231,56,'BYOD',0),(232,56,'jakosc uslug',0),(233,56,'siec konwergentna',0),(234,57,'peer-to-peer',1),(235,57,'chmura',0),(236,57,'BYOD',0),(237,57,'jakosc uslug',0),(238,58,'Siec SOHO',1),(239,58,'BYOD',0),(240,58,'jakosc uslug',0),(241,58,'siec konwergentna',0),(242,59,'klient/serwer',1),(243,59,'internet',0),(244,59,'intranet',0),(245,59,'ekstranet',0),(246,61,'siec energetyczna',1),(247,61,'internet',0),(248,61,'intranet',0),(249,61,'ekstranet',0),(250,62,'jakosc uslug',1),(251,62,'internet',0),(252,62,'intranet',0),(253,62,'ekstranet',0),(254,63,'intranet',1),(255,63,'internet',0),(256,63,'ekstranet',0),(257,63,'peer-to-peer',0),(258,64,'BYOD',1),(259,64,'internet',0),(260,64,'intranet',0),(261,64,'ekstranet',0),(262,65,'warstwa sieciowa',1),(263,65,'warstwa lacza danych',0),(264,65,'warstwa transportowa',0),(265,65,'warstwa aplikacji',0),(266,66,'warstwa transportowa',1),(267,66,'warstwa lacza danych',0),(268,66,'warstwa sieciowa',0),(269,66,'warstwa aplikacji',0),(270,67,'warstwa aplikacji',1),(271,67,'warstwa lacza danych',0),(272,67,'warstwa sieciowa',0),(273,67,'warstwa transportowa',0),(274,68,'warstwa sieciowa',1),(275,68,'warstwa lacza danych',0),(276,68,'warstwa aplikacji',0),(277,68,'warstwa prezentacji',0),(278,69,'Serwery',0),(279,69,'Urzadzenie posredniczace',0),(280,69,'Gospodarz',1),(281,69,'media',0),(282,70,'warstwa sieciowa',1),(283,70,'warstwa aplikacji',0),(284,70,'warstwa transportowa',0),(285,70,'warstwa prezentacji',0),(286,71,'warstwa lacza danych',1),(287,71,'warstwa aplikacji',0),(288,71,'warstwa transportowa',0),(289,71,'warstwa prezentacji',0),(290,72,'warstwa transportowa',1),(291,72,'warstwa aplikacji',0),(292,72,'warstwa sieciowa',0),(293,72,'warstwa prezentacji',0),(294,72,'warstwa lacza danych',0),(295,73,'warstwa lacza danych',1),(296,73,'warstwa transportowa',0),(297,73,'warstwa aplikacji',0),(298,73,'warstwa sieciowa',0),(299,74,'Bezprzewodowy',0),(300,74,'Fire optic cable',1),(301,74,'Kabel miedziany',0),(302,75,'Gospodarz',0),(303,75,'Router',1),(304,75,'Przelacznik',1),(305,75,'Serwery',0),(306,76,'jakosc uslug (QoS)',0),(307,76,'skalowalnosc',0),(308,76,'bezpieczenstwo',0),(309,76,'tolerancja na bledy',1),(310,76,'integralnosc',0),(315,33,'enkapsulacja',0),(316,33,'kontrola przeplywu',1),(317,33,'metoda dostepu',0),(318,33,'limit czasu odpowiedzi',0);
/*!40000 ALTER TABLE `odpowiedzi` ENABLE KEYS */;
UNLOCK TABLES;

--
-- Table structure for table `odpowiedzi2`
--

DROP TABLE IF EXISTS `odpowiedzi2`;
/*!40101 SET @saved_cs_client     = @@character_set_client */;
/*!40101 SET character_set_client = utf8 */;
CREATE TABLE `odpowiedzi2` (
  `id` int(11) NOT NULL AUTO_INCREMENT,
  `pytanie_id` int(11) DEFAULT NULL,
  `tresc` text NOT NULL,
  `czy_poprawna` tinyint(1) DEFAULT 0,
  PRIMARY KEY (`id`),
  KEY `pytanie_id` (`pytanie_id`),
  CONSTRAINT `odpowiedzi2_ibfk_1` FOREIGN KEY (`pytanie_id`) REFERENCES `pytania2` (`id`) ON DELETE CASCADE
) ENGINE=InnoDB AUTO_INCREMENT=320 DEFAULT CHARSET=utf8mb4 COLLATE=utf8mb4_general_ci;
/*!40101 SET character_set_client = @saved_cs_client */;

--
-- Dumping data for table `odpowiedzi2`
--

LOCK TABLES `odpowiedzi2` WRITE;
/*!40000 ALTER TABLE `odpowiedzi2` DISABLE KEYS */;
INSERT INTO `odpowiedzi2` VALUES (1,1,'kontrolowanie dostepu do mediow',0),(2,1,'przesylanie bitow przez lokalne media',1),(3,1,'wykonywanie wykrywania bledow na odebranych ramkach',0),(4,1,'wymiana ramek miedzy wezlami przez fizyczne media sieciowe',0),(5,2,'Dwa wlokna pozwalaja na dluzsze przesylanie danych odleglosci bez pogarszania.',0),(6,2,'Zapobiegaja interferencji spowodowanej crosstalkiem na polaczenie.',0),(7,2,'Zwiekszaja predkosc, z jaka dane moga podrozowac.',0),(8,2,'Pozwalaja na lacznosc pelnodupleksowa.',1),(9,3,'znieksztalcenie sygnalu sieciowego z fluorescencyjnego oswietlenie',0),(10,3,'znieksztalcenie przesylanych wiadomosci z sygnaly przenoszone w sasiednich przewodach',1),(11,3,'oslabienie sygnalu sieciowego na dlugim kablu dlugosci',0),(12,3,'strata sygnalu bezprzewodowego na skutek nadmiernej odleglosci z punktu dostepu',0),(13,4,'wymagajace odpowiednich polaczen uziemiajacych',0),(14,4,'skrecanie przeciwnych par przewodow obwodowych razem',1),(15,4,'otaczanie zestawu kabli metalowa oslona',0),(16,4,'projektowanie infrastruktury kablowej w celu unikniecia crosstalk zaklocenia',0),(17,4,'unikac ostrych zakretow podczas instalacji',0),(18,6,'ilosc ruchu, ktora obecnie przekracza siec',1),(19,6,'s sophistication zastosowanej metody enkapsulacji do danych',0),(20,6,'typ ruchu, ktory przechodzi przez siec',1),(21,6,'opoznienie spowodowane liczba urzadzenia sieciowe, przez ktore przechodzi dane',1),(22,6,'szerokosc pasma polaczenia WAN z Internetem',0),(23,6,'niezawodnosc infrastruktury Gigabit Ethernet kregoslup',0),(24,7,'Nie jest podatny na EMI ani RFI.',1),(25,7,'Kazda para kabli jest owinieta w metalowa folie.',0),(26,7,'Laczy technike anulowania, ekranowania, i skrecanie w celu ochrony danych.',0),(27,7,'Zazwyczaj zawiera 4 pary wlokien optycznych.',0),(28,7,'Jest drozsze niz okablowanie UTP.',1),(29,8,'stworz sygnaly, ktore reprezentuja bity w kazdej ramka na media',1),(30,8,'zapewnic adresowanie fizyczne dla urzadzen',0),(31,8,'okresl sciezke, jaka pokonuja pakiety przez siec',0),(32,8,'kontrolowac dostep do mediow',0),(33,9,'pole magnetyczne wokol sasiednich par drut',1),(34,9,'uzycie plecionej druciarni do oslony przylegajacego drutu pary',0),(35,9,'odbicie fali elektrycznej z powrotem z daleka koniec kabla',0),(36,9,'kolizja spowodowana przez dwa wezly probujace uzywac media jednoczesnie',0),(37,10,'STP',0),(38,10,'UTP',0),(39,10,'namawiac',0),(40,10,'blonnik',1),(41,11,'sprzezenie zwrotne',1),(42,11,'szerokosc pasma',0),(43,11,'rozmiar sieci',0),(44,11,'technika modulacji sygnalu',0),(45,11,'zaklocenia elektromagnetyczne',1),(46,12,'STP',0),(47,12,'UTP',1),(48,12,'namawiac',0),(49,12,'wlokno',0),(50,13,'Odtwarzacze Blu-ray',0),(51,13,'kinowe domowe',0),(52,13,'telefony bezprzewodowe',1),(53,13,'mikrofale',1),(54,13,'zarowki zarowe',0),(55,13,'zewnetrzne dyski twarde',0),(56,14,'Definiuje schemat dostarczania od poczatku do konca.',0),(57,14,'Utrzymuje sciezke miedzy zrodlem a urzadzenia docelowe podczas transmisji danych.',0),(58,14,'Zarzadza dostepem ramek do sieci media.',1),(59,14,'Zapewnia niezawodne dostarczanie poprzez ustanawianie polaczen i kontrola przeplywu.',0),(60,14,'Zapewnia, ze dane aplikacji beda przesylane zgodnie z priorytetyzacja.',0),(61,14,'Pakietuje rozne jednostki danych Layer 3 w ramke format, ktory jest kompatybilny z interfejsem sieciowym.',1),(62,15,'aby zweryfikowac integralnosc odebranej ramki',1),(63,15,'aby zweryfikowac adres fizyczny w ramce',0),(64,15,'aby zweryfikowac adres logiczny w ramce',0),(65,15,'aby obliczyc sume kontrolna naglowka dla pola danych w rama',0),(66,16,'adres logiczny',0),(67,16,'adres fizyczny',0),(68,16,'dane',0),(69,16,'wykrywanie bledow',1),(70,17,'Wszystkie zawieraja kontrole przeplywu i polaczenie logiczne pola.',0),(71,17,'Pola naglowka ramki Ethernet zawieraja zrodlo warstwy 3 i adresy docelowe.',0),(72,17,'Zaleznie od protokolow, roznia sie.',1),(73,17,'Zawieraja informacje na temat aplikacji uzytkownikow.',0),(74,18,'siatka',0),(75,18,'czesciowa siatka',1),(76,18,'hub i piasta',0),(77,18,'punkt do punktu',0),(78,19,'auto-MDIX',0),(79,19,'CEF',0),(80,19,'Sekwencja sprawdzania ramki',1),(81,19,'minimalny rozmiar ramki',1),(82,19,'adres MAC zrodlowy',0),(83,20,'deterministyczny',0),(84,20,'poldupleks',0),(85,20,'pelnodupleksowy',1),(86,20,'kontrolowany dostep',0),(87,21,'Urzadzenia koncowe lacza sie z centralnym posrednikiem urzadzenie, ktore z kolei laczy sie z innymi centralnymi urzadzenia posrednie.',1),(88,21,'Urzadzenia koncowe sa ze soba polaczone za pomoca magistrali i kazda siec autobusowa laczy sie z centralnym urzadzeniem posredniczacym.',0),(89,21,'Kazdy system koncowy jest podlaczony do swojego odpowiedniego sasiad przez urzadzenie posredniczace.',0),(90,21,'Wszystkie urzadzenia koncowe i posrednie sa podlaczone w lancuch do siebie.',0),(91,22,'Zapewnia wymagane adresowanie logiczne, ktore identyfikuje urzadzenie.',0),(92,22,'Zapewnia delimitacje danych zgodnie z wymagania dotyczace sygnalizacji fizycznej medium.',0),(93,22,'Umieszcza informacje w ramce, umozliwiajac wiele Protokoly warstwy 3 uzywajace tego samego interfejsu sieciowego i media.',1),(94,22,'Definiuje procesy oprogramowania, ktore swiadcza uslugi dla warstwa fizyczna.',0),(95,23,'Ethernet wykorzystuje CSMA/CD.',1),(96,23,'Kontrola dostepu do mediow zapewnia umiejscowienie danych ramki na media.',1),(97,23,'Dostep oparty na kontestacji jest rowniez znany jako deterministyczny.',0),(98,23,'802.11 wykorzystuje CSMA/CD.',0),(99,23,'Protokoly warstwy lacza danych definiuja zasady dla dostep do roznych mediow.',1),(100,23,'Sieci z kontrolowanym dostepem zostaly zredukowane wydajnosc z powodu kolizji danych.',0),(101,24,'Adres IP zostal dodany.',0),(102,24,'Adres logiczny zostal dodany.',0),(103,24,'Adres fizyczny zostal dodany.',1),(104,24,'Numer portu procesu zostal dodany.',0),(105,25,'adres IP zrodlowy',0),(106,25,'zrodlowy adres MAC',1),(107,25,'adres IP docelowy',0),(108,25,'adres MAC docelowy',1),(109,25,'informacje o sprawdzaniu bledow',1),(110,26,'metoda dostepu',1),(111,26,'kontrola przeplywu',0),(112,26,'enkapsulacja wiadomosci',0),(113,26,'kodowanie wiadomosci',0),(114,27,'naglowek',1),(115,27,'pole typu',0),(116,27,'Rozmiar MTU',0),(117,27,'dane',1),(118,27,'zwiastun',1),(119,27,'Wartosc CRC',0),(120,28,'Kiedy urzadzenie odbiera sygnal nosny i nadaje, kolizja nie moze wystapic.',0),(121,28,'Sygnal zaklocajacy powoduje jedynie urzadzenia, ktore spowodowaly kolizja w celu wykonania algorytmu opoznienia.',0),(122,28,'Wszystkie urzadzenia sieciowe musza nasluchiwac przed transmisja.',1),(123,28,'Urzadzenia biorace udzial w kolizji maja priorytet w przesylaniu po okresie opoznienia.',0),(124,29,'automatyczna konfiguracja interfejsu dla 10/100/1000 Mb/s dzialanie',0),(125,29,'automatyczna konfiguracja interfejsu dla kabel Ethernet prosty lub krosowany polaczenie',1),(126,29,'automatyczna konfiguracja pracy w trybie pelnodupleksowym przez pojedynczy kabel miedziany lub optyczny Ethernet',0),(127,29,'zdolnosc do wlaczenia lub wylaczenia interfejsu przelacznika odpowiednio, jesli wykryto aktywne polaczenie',0),(128,30,'00-60-2F-3A-07-AA',0),(129,30,'00-60-2F-3A-07-BB',0),(130,30,'00-60-2F-3A-07-CC',1),(131,30,'00-60-2F-3A-07-DD',0),(132,31,'buforowanie oparte na porcie',0),(133,31,'buforowanie pamieci podrecznej poziomu 1',0),(134,31,'buforowanie pamieci wspoldzielonej',1),(135,31,'stala konfiguracja buforowania',0),(136,32,'przelaczanie magazynowo-przekazujace',0),(137,32,'przelaczanie szybkie',1),(138,32,'Przelaczanie CRC',0),(139,32,'przelaczanie bezfragmentowe',1),(140,32,'Przelaczanie QOS',0),(141,33,'przelaczanie przez ciecie',0),(142,33,'przelaczanie typu store-and-forward',1),(143,33,'przelaczanie wolne od fragmentow',0),(144,33,'przyspieszone przelaczanie',0),(145,34,'aby uzyskac adres MAC wezla wysylajacego',0),(146,34,'aby zweryfikowac logiczny adres wezla wysylajacego',0),(147,34,'obliczyc naglowek CRC dla pola danych',0),(148,34,'aby okreslic, czy wystapily bledy w transmisji i recepcja',1),(149,35,'przecinanie',0),(150,35,'przechowywanie i przesylanie',0),(151,35,'bezfragmentowy',0),(152,35,'przyspieszyc',1),(153,36,'Lacze miedzy przelacznikami bedzie dzialac na najszybsza predkosc obslugiwana przez oba przelaczniki.',1),(154,36,'Lacze miedzy przelacznikami bedzie dzialac jako pelnodupleksowe.',1),(155,36,'Jesli oba przelaczniki obsluguja rozne predkosci, beda kazdy pracuje na swoim najszybszym tempie.',0),(156,36,'Funkcja auto-MDIX skonfiguruje interfejsy eliminujac potrzebe stosowania kabla krzyzowego.',1),(157,36,'Polaczenie nie bedzie mozliwe, chyba ze administrator zmienia kabel na kabel krzyzowy.',0),(158,36,'Funkcjonalnosc duplex musi byc skonfigurowana recznie poniewaz nie da sie tego negocjowac.',0),(159,37,'wykrywanie kolizji',0),(160,37,'sprawdzanie bledow ramki',1),(161,37,'szybsze przekazywanie ramek',0),(162,37,'przekazywanie ramek przy uzyciu informacji warstwy 3 i 4 IPv4',0),(163,38,'CRC w przyczepie',1),(164,38,'adres MAC zrodlowy w naglowku',0),(165,38,'adres MAC docelowy w naglowku',0),(166,38,'typ protokolu w naglowku',0),(167,39,'przezbrodzenie',0),(168,39,'przewinac do przodu',0),(169,39,'bezfragmentowy',0),(170,39,'przechowywanie i przesylanie',1),(171,40,'budowanie tabeli routingu opartej na pierwszym adresie IP adres w naglowku ramki',0),(172,40,'uzywajac adresow MAC zrodlowych ramek do tworz i utrzymuj tabele adresow MAC',1),(173,40,'przekazywanie ramki z nieznanym adresem IP docelowym adresy do domyslnej bramy',0),(174,40,'wykorzystujac tabele adresow MAC do przekazywania ram poprzez docelowy adres MAC',1),(175,40,'badanie docelowego adresu MAC, aby dodac nowy wejscia do tabeli adresow MAC',0),(176,41,'Kontrola powiazan logicznych jest wdrazana w oprogramowaniu.',1),(177,41,'Logiczne sterowanie laczem jest okreslone w IEEE 802.3 standard',0),(178,41,'Warstwa LLC dodaje naglowek i przyczepke do dane.',0),(179,41,'Warstwa lacza danych uzywa LLC do komunikacji z gorne warstwy zestawu protokolow.',1),(180,41,'Podwarstwa LLC jest odpowiedzialna za umiejscowienie i odzyskiwanie klatek w mediach i poza nimi.',0),(181,42,'Umozliwia urzadzeniu automatyczna konfiguracje interfejsu do uzycia prostego lub krzyzowego kabel.',1),(182,42,'Pozwala to urzadzeniu na automatyczne skonfigurowanie ustawienia dupleksu segmentu.',0),(183,42,'Pozwala urzadzeniu na automatyczna konfiguracje predkosc swojego interfejsu.',0),(184,42,'Umozliwia wlacznikowi dynamicznie wybieranie metoda przekazywania.',0),(185,43,'ma pozytywny wplyw na przepustowosc poprzez odrzucenie wiekszosci nieprawidlowych ramek',0),(186,43,'podejmuje decyzje o szybkim przeskoku na podstawie zrodla Adres MAC ramki',0),(187,43,'ma nizsze opoznienie odpowiednie dla wysokich-aplikacje obliczeniowe o wysokiej wydajnosci',1),(188,43,'zapewnia elastycznosc do wspierania dowolnej mieszanki Ethernet predkosci',0),(189,44,'FF-FF-FF-FF-FF-FF',0),(190,44,'5C-26-0A-4B-19-3E',0),(191,44,'01-00-5E-00-00-03',1),(192,44,'00-26-0F-4B-00-3E',0),(193,45,'Spleciona miedziana wplecionka nie powinna byla byc usunieto.',0),(194,45,'Uzywany jest niewlasciwy typ zlacza.',0),(195,45,'Niezakrecona dlugosc kazdego przewodu jest zbyt dluga.',1),(196,45,'Przewody sa zbyt grube do uzywanego zlacza.',0),(197,46,'przewiniecie',0),(198,46,'przewiniecie',1),(199,46,'krzyzowy',0),(200,46,'przejscie',0),(201,47,'Fa0/1',0),(202,47,'Fa0/5',0),(203,47,'Fa0/9',0),(204,47,'Fa0/11',1),(205,48,'utrata sily sygnalu w miare zwiekszania sie odleglosci',1),(206,48,'czas, aby sygnal dotarl do swojego celu',0),(207,48,'przeciekanie sygnalow z jednej pary przewodow do drugiej',0),(208,48,'wzmocnienie sygnalu przez urzadzenie sieciowe',0),(209,49,'wieksze odleglosci na bieg kabla',1),(210,49,'nizsze koszty instalacji',0),(211,49,'ograniczona podatnosc na EMI/RFI',1),(212,49,'trwale polaczenia',0),(213,49,'wiekszy potencjal przepustowosci',1),(214,49,'latwo zakonczony',0),(215,50,'modulacja',1),(216,50,'IEEE',0),(217,50,'EIA/TIA',0),(218,50,'powietrze',0),(219,51,'szerokosc pasma',1),(220,51,'IEEE',0),(221,51,'EIA/TIA',0),(222,51,'powietrze',0),(223,52,'szerokosc pasma',1),(224,52,'przepustowosc',0),(225,52,'opoznienie',0),(226,52,'dobry przepust',0),(227,53,'przepustowosc',1),(228,53,'przepustowosc',0),(229,53,'opoznienie',0),(230,53,'dobry przekaz',0),(231,54,'opoznienie',1),(232,54,'szerokosc pasma',0),(233,54,'przepustowosc',0),(234,54,'dobra wydajnosc',0),(235,55,'opoznienie',1),(236,55,'kabel swiatlowodowy',0),(237,55,'powietrze',0),(238,55,'kabel miedziany',0),(239,56,'dobry przeplyw',1),(240,56,'kabel swiatlowodowy',0),(241,56,'powietrze',0),(242,56,'kabel miedziany',0),(243,57,'miedziany kabel',1),(244,57,'kabel swiatlowodowy',0),(245,57,'powietrze',0),(246,57,'przepustowosc',0),(247,58,'swiatlowod',1),(248,58,'dobrze',0),(249,58,'opoznienie',0),(250,58,'przepustowosc',0),(251,59,'powietrze',1),(252,59,'dobry wynik',0),(253,59,'opoznienie',0),(254,59,'przepustowosc',0),(255,60,'Umozliwia korzystanie z IPv4 i IPv6 w tej samej sieci interfejs i media',0),(256,60,'Dodaje informacje kontrolne warstwy 2 do protokolu sieciowego dane',0),(257,60,'Integruje rozne technologie fizyczne',0),(258,60,'Komunikuje sie pomiedzy oprogramowaniem sieciowym w gorne warstwy i sprzet urzadzenia na dolnym warstwy',0),(259,60,'Zapewnia synchronizacje miedzy zrodlem a wezly docelowe',0),(260,60,'Informacje o miejscach w ramce, ktora identyfikuje, ktore protokol warstwy sieciowej jest uzywany dla ramki',0),(261,60,'Kontroluje NIC odpowiedzialny za wysylanie i otrzymywanie danych na medium fizycznym.',1),(262,60,'Wprowadza przyczepe do wykrywania bledow transmisji.',1),(263,60,'Zapewnia mechanizm umozliwiajacy podlaczenie wielu urzadzen do komunikowac sie przez wspolne medium.',1),(264,61,'Umozliwia korzystanie z tej samej sieci dla IPv4 i IPv6 interfejs i media.',1),(265,61,'Informacje o miejscach w ramce, ktora identyfikuje ktory protokol warstwy sieciowej jest uzywany do rama.',1),(266,61,'Integruje rozne technologie fizyczne',0),(267,61,'Wdraza proces delimitacji pol w ramach warstwy 2 rama',0),(268,61,'Kontroluje NIC odpowiedzialny za wysylanie i odbieranie dane na nosniku fizycznym',0),(269,64,'Dodaje informacje kontrolne warstwy 2 do sieci dane protokolu.',1),(270,64,'Informacje o miejscach w ramce, ktora identyfikuje jaki protokol warstwy sieciowej jest uzywany do rama.',1),(271,64,'Wykonuje enkapsulacje danych',0),(272,64,'Kontroluje NIC odpowiedzialny za wysylanie i odbieranie dane na nosniku fizycznym',0),(273,64,'Integruje rozne technologie fizyczne',0),(274,66,'Dodaje informacje kontrolne warstwy 2 do sieci dane protokolu.',1),(275,66,'Umozliwia wykorzystanie IPv4 i IPv6 w tej samej sieci interfejs i media.',1),(276,66,'Zapewnia adresowanie warstwy lacza danych.',0),(277,66,'Implementuje trailer do wykrywania bledow transmisji.',0),(278,66,'Zapewnia synchronizacje miedzy zrodlem a celem wezly.',0),(279,68,'Umozliwia IPv4 i IPv6 korzystanie z tej samej sieci interfejs i media.',1),(280,68,'Dodaje informacje kontrolne warstwy 2 do sieci dane protokolu.',1),(281,68,'Integruje rozne technologie fizyczne.',0),(282,68,'Wprowadza przyczepe do wykrywania bledow transmisji.',0),(283,68,'Zapewnia synchronizacje miedzy zrodlem a celem wezly.',0),(284,70,'Przelacznik odswieza licznik dla tego wpisu.',1),(285,70,'Przelacznik dzieli wpis w tabeli adresow MAC z wszystkie podlaczone przelaczniki.',0),(286,70,'Przelacznik nie przekazuje ramki.',0),(287,70,'Przelacznik wysyla ramke do podlaczonego routera poniewaz adres MAC docelowy nie jest lokalny.',0),(288,71,'Przelacznik przesyla go na wszystkie porty, z wyjatkiem port wejsciowy.',1),(289,71,'Przelacznik dzieli wpis w tabeli adresow MAC z wszystkie podlaczone przelaczniki.',0),(290,71,'Przelacznik nie przesyla ramki.',0),(291,71,'Przelacznik wysyla ramke do podlaczonego routera poniewaz adres MAC docelowy nie jest lokalny.',0),(292,72,'Gospodarz odrzuci ramke.',1),(293,72,'Gospodarz wysyla ramke do przelacznika, aby zaktualizowac Tabela adresow MAC.',0),(294,72,'Gospodarz przesyla ramke do routera.',0),(295,72,'Gospodarz przesyla ramke do wszystkich innych gospodarzy.',0),(296,73,'Przelacznik przesyla go na wszystkie porty z wyjatkiem port wejsciowy.',1),(297,73,'Przelacznik nie przekazuje ramki.',0),(298,73,'Przelacznik wysyla ramke do podlaczonego routera poniewaz adres MAC docelowy nie jest lokalny.',0),(299,73,'Przelacznik dzieli wpis w tabeli adresow MAC z dowolne podlaczone przelaczniki.',0),(300,74,'Gospodarz przetworzy ramke.',1),(301,74,'Gospodarz przekazuje ramke do routera.',0),(302,74,'Gospodarz wysyla ramke do przelacznika w celu zaktualizowania Tabela adresow MAC.',0),(303,74,'Gospodarz przesyla ramke do wszystkich innych gospodarzy.',0),(304,75,'Przelacznik odswieza timer dla tego wpisu.',1),(305,75,'Przelacznik dodaje to do swojej tablicy adresow MAC powiazanych z numerem portu.',0),(306,75,'Przelacznik przekazuje ramke do powiazanego portu.',0),(307,75,'Przelacznik wysyla ramke do podlaczonego routera poniewaz adres MAC docelowy nie jest lokalny.',0),(308,77,'Przelacznik odswieza licznik na tym wpisie.',1),(309,77,'Przelacznik dzieli wpis w tabeli adresow MAC z jakiekolwiek podlaczone przelaczniki.',0),(310,77,'Przelacznik nie przesyla ramki.',0),(311,77,'Przelacznik dodaje go do swojej tabeli adresow MAC skojarzonej z numerem portu.',0),(312,78,'Gospodarz odrzuci ramke.',1),(313,78,'Gospodarz odpowiada na przelacznik swoim wlasnym adresem IP.',0),(314,78,'Gospodarz przesyla ramke do wszystkich innych gospodarzy.',0),(315,78,'Gospodarz zwraca ramke do przelacznika.',0),(316,80,'konsola',0),(317,80,'przewrocenie',0),(318,80,'crossover',0),(319,80,'bezposredni',1);
/*!40000 ALTER TABLE `odpowiedzi2` ENABLE KEYS */;
UNLOCK TABLES;

--
-- Table structure for table `odpowiedzi21`
--

DROP TABLE IF EXISTS `odpowiedzi21`;
/*!40101 SET @saved_cs_client     = @@character_set_client */;
/*!40101 SET character_set_client = utf8 */;
CREATE TABLE `odpowiedzi21` (
  `id` int(11) NOT NULL AUTO_INCREMENT,
  `pytanie_id` int(11) DEFAULT NULL,
  `tresc` text NOT NULL,
  `czy_poprawna` tinyint(1) DEFAULT 0,
  PRIMARY KEY (`id`),
  KEY `pytanie_id` (`pytanie_id`),
  CONSTRAINT `fk_odpowiedzi21_pytania21` FOREIGN KEY (`pytanie_id`) REFERENCES `pytania21` (`id`) ON DELETE CASCADE
) ENGINE=InnoDB AUTO_INCREMENT=310 DEFAULT CHARSET=utf8mb4 COLLATE=utf8mb4_general_ci;
/*!40101 SET character_set_client = @saved_cs_client */;

--
-- Dumping data for table `odpowiedzi21`
--

LOCK TABLES `odpowiedzi21` WRITE;
/*!40000 ALTER TABLE `odpowiedzi21` DISABLE KEYS */;
INSERT INTO `odpowiedzi21` VALUES (1,1,'Prawda',0),(2,1,'Falsz',1),(3,2,'Prawda',0),(4,2,'Falsz',1),(5,3,'Lacza danych',1),(6,3,'Aplikacji',0),(7,3,'Prezentacji',0),(8,3,'Sieci',0),(9,4,'Segment',0),(10,4,'Ramka',1),(11,4,'Pakiet',0),(12,5,'Miedz',0),(13,5,'Bezprzewodowe',1),(14,5,'Swiatlowodowy',0),(15,6,'Miedz',0),(16,6,'Bezprzewodowe',0),(17,6,'Swiatlowodowy',1),(18,7,'Miedz',1),(19,7,'Bezprzewodowe',0),(20,7,'Swiatlowodowy',0),(21,8,'Szerokosc pasma',1),(22,8,'Przepustowosc',0),(23,8,'Przepustowosc efektywna',0),(24,9,'Szerokosc pasma',0),(25,9,'Przepustowosc',1),(26,9,'Przepustowosc efektywna',0),(27,10,'UTP',0),(28,10,'STP',0),(29,10,'Kabel koncentryczny',1),(30,11,'UTP',0),(31,11,'STP',1),(32,11,'Kabel koncentryczny',0),(33,12,'UTP',1),(34,12,'STP',0),(35,12,'Kabel koncentryczny',0),(36,13,'UTP',0),(37,13,'STP',0),(38,13,'Kabel koncentryczny',1),(39,14,'Wielomodowy',1),(40,14,'Jednomodowy',0),(41,15,'Wielomodowy',1),(42,15,'Jednomodowy',0),(43,16,'Wielomodowy',0),(44,16,'Jednomodowy',1),(45,17,'Wielomodowy',0),(46,17,'Jednomodowy',1),(47,18,'Wielomodowy',0),(48,18,'Jednomodowy',1),(49,19,'Jednomodowy',0),(50,19,'Wielomodowy',1),(51,20,'Warstwa prezentacji',0),(52,20,'Warstwa sieci',0),(53,20,'Warstwa fizyczna',1),(54,20,'Warstwa lacza danych',0),(55,21,'Kabel z przeplotem',0),(56,21,'Kabel rollover',1),(57,21,'Kabel prosty',0),(58,21,'Kabel koncentryczny',0),(59,22,'Dwie zyly pozwalaja na bezproblemowe przesylanie danych na dlugie dystanse.',0),(60,22,'Zapobiegaja zakloceniom powodowanym przez przesluch w polaczeniu.',0),(61,22,'Zwiekszaja szybkosc z jaka moga byc przesylane dane.',0),(62,22,'Pozwalaja na polaczenie full-duplex.',1),(63,23,'Wymaganie prawidlowego podlaczenia uziemienia',0),(64,23,'Skrecanie ze soba przeciwstawnych przewodow w pary',1),(65,23,'Zawijanie wiazki przewodow w ekran metalowy',0),(66,23,'Projektowanie infrastruktury okablowania tak, aby uniknac przesluchow',0),(67,23,'Unikanie ostrych zalaman podczas instalacji',0),(68,24,'Jest zazwyczaj tansze niz okablowanie miedziane.',0),(69,24,'Moze byc zainstalowane wokol ostrych zakrzywien.',0),(70,24,'Jest latwiejsze do zakanczania i instalacji niz okablowanie miedziane.',0),(71,24,'Jest w stanie przenosic sygnaly znacznie dalej niz okablowanie miedziane',1),(72,25,'Urzadzenia uzytkownika koncowego maja jedynie karte Ethernet.',0),(73,25,'Urzadzenie koncowe uzytkownika wymaga dedykowanego polaczenia ze wzgledu na wymagania wydajnosci.',0),(74,25,'Urzadzenie koncowe uzytkownika potrzebuje mobilnego polaczenia do sieci.',1),(75,25,'Obszar, w ktorym pracuje urzadzenie koncowe uzytkownika cechuje wysoka koncentracja RFI.',0),(76,26,'Kabel konsolowy',0),(77,26,'Kabel rollover',0),(78,26,'Kabel z przeplotem',0),(79,26,'Kabel prosty',1),(80,27,'Miara transferu bitow przez media w danym okresie czasu',0),(81,27,'Predkosc, z jaka bity podrozuja w sieci',0),(82,27,'Ilosc danych, ktore moga przeplywac z jednego miejsca do drugiego w danym czasie',1),(83,27,'Miara uzytecznych danych przesylanych w danym okresie czasu',0),(84,28,'Znoszenie',1),(85,28,'Plaszcz',0),(86,28,'Odpornosc na porazenie pradem',0),(87,28,'Plecionki miedziane lub folia metaliczna',0),(88,29,'Mikrofalowka',1),(89,29,'Wiele drzew, ktore otacza biuro',0),(90,29,'Podwy?szone miejsce, w ktorym zostala zainstalowana bezprzewodowa siec LAN',0),(91,29,'Jest w stanie przenosic sygnaly znacznie dalej niz okablowanie miedziane',0),(92,30,'Znieksztalcenie sygnalu sieciowego z oswietlenia fluorescencyjnego',0),(93,30,'Znieksztalcenie przesylanych komunikatow z sygnalow przenoszonych w sasiednich przewodach',1),(94,30,'Oslabienie sygnalu sieciowego na dlugich odcinkach kabli',0),(95,30,'Utrata sygnalu bezprzewodowego w nadmiernej odleglosci od punktu dostepowego',0),(96,31,'Gwarantowana szybkosc transferu danych oferowana przez dostawce uslug internetowych',0),(97,31,'Zdolnosc danego nosnika do przenoszenia danych',0),(98,31,'Miara uzytecznych danych przesylanych przez media',0),(99,31,'Miara transferu bitow przez media w danym okresie czasu',1),(100,31,'The time it takes for a message to get from sender to receiver',0),(101,32,'IANA',0),(102,32,'IEEE',1),(103,32,'ISO',0),(104,32,'TIA',0),(105,33,'Warstwa 1',0),(106,33,'Warstwa 2',1),(107,33,'Warstwa 3',0),(108,33,'Warstwa 6',0),(109,34,'Network Control Protocol',0),(110,34,'Logical Link Control',1),(111,34,'Media Access Control',1),(112,34,'Link Control Protocol',0),(113,35,'Dodaje adresy warstwy 3 do ramki',0),(114,35,'Komunikuje sie z warstwa sieciowa (warstwa 3)',0),(115,35,'Udostepnia metode propagowania ramki do i odbierania z medium',1),(116,35,'Przesyla bity w medium',0),(117,36,'Przejmuje ramke z medium',1),(118,36,'Dokonuje dekapsulacji ramki',1),(119,36,'Odwoluje sie do tabeli routingu warstwy 3 dla pasujacej sieci docelowej',0),(120,36,'Ponownie enkapsuluje pakiet do nowej ramki',1),(121,37,'Protokol IP warstwy 3',0),(122,37,'Wspoldzielenie medium',1),(123,37,'Topologia',1),(124,37,'Protokol warstwy transportu',0),(125,37,'Rodzaj danych',0),(126,38,'Cisco',0),(127,38,'IANA',0),(128,38,'IEEE',1),(129,38,'IETF',0),(130,39,'Topologia lotnicza',0),(131,39,'Topologia adresacji IP',0),(132,39,'Topologia logiczna',1),(133,39,'Topologia fizyczna',0),(134,40,'Magistrali',0),(135,40,'Rozszerzonej gwiazdy',1),(136,40,'Pierscienia',0),(137,40,'Gwiazdy',0),(138,41,'Pelny dupleks',0),(139,41,'Poldupleks',1),(140,41,'Simpleks',0),(141,42,'Wielodostep z wykrywaniem nosnej i zlosliwymi kolizjami',0),(142,42,'Wielodostep z wykrywaniem nosnej i unikaniem kolizji',0),(143,42,'Wielodostep z wykrywaniem nosnej i detstrukcja kolizji',0),(144,42,'Wielodostep z wykrywaniem nosnej i detekcja kolizji',1),(145,43,'Flagi',0),(146,43,'Numer sekwencyjny',0),(147,43,'Naglowek',1),(148,43,'Stopke',1),(149,44,'Aby ustalic, czy w ramce wystapily bledy transmisji',1),(150,44,'Aby zidentyfikowac specjalne uslugi kontroli przeplywu, takie jak jakosc uslug (QoS)',0),(151,44,'Aby zidentyfikowac poczatkowa i koncowa granice ramki',0),(152,44,'Aby zidentyfikowac protokol warstwy 3 w polu danych',0),(153,45,'802.11',1),(154,45,'Ethernet',1),(155,45,'IP',0),(156,45,'PPP',1),(157,45,'UDP',0),(158,46,'Adres IP',0),(159,46,'Adres MAC',1),(160,46,'Numer sekwencyjny',0),(161,46,'Numer portu TCP',0),(162,46,'Numery portu UDP',0),(163,47,'Dolaczony kabel Ethernet',0),(164,47,'Adres IP',0),(165,47,'Adres MAC',1),(166,47,'Port RJ-45',0),(167,47,'Stos protokolow TCP/IP',0),(168,48,'Institute of Electrical and Electronics Engineers (IEEE)',1),(169,48,'Internet Assigned Numbers Authority (IANA)',0),(170,48,'International Telecommunication Union (ITU)',1),(171,48,'Electronic Industries Alliance (EIA)',0),(172,48,'Internet Society (ISOC)',0),(173,49,'Topologia logiczna jest zawsze taka sama jak topologia fizyczna.',0),(174,49,'Topologie fizyczne skupiaja sie na sposobie przesylania ramek przez siec.',0),(175,49,'Topologie fizyczne przedstawiaja schemat adresowania IP kazdej sieci.',0),(176,49,'Topologie logiczne odnosza sie do sposobu przesylania danych miedzy urzadzeniami.',1),(177,50,'CSMA/CD',0),(178,50,'Kolejkowanie priorytetowe',0),(179,50,'CSMA/CA',1),(180,50,'Przekazywanie tokenu',0),(181,51,'Magistrali',0),(182,51,'Hierarchiczna',0),(183,51,'Siatki',1),(184,51,'Pierscienia',0),(185,51,'Gwiazdy',0),(186,52,'Dane przesylane przez siec moga plynac tylko w jednym kierunku.',0),(187,52,'Dane przesylane przez siec przeplywaja w jednym kierunku naraz.',1),(188,52,'Dane przesylane przez siec przeplywaja w jednym kierunku do wielu roznych miejsc jednoczesnie.',0),(189,52,'Dane przesylane przez siec przeplywaja w obu kierunkach jednoczesnie.',0),(190,53,'Definiowanie procesow dostepu do mediow, ktore sa wykonywane przez sprzet.',0),(191,53,'Zapewnianie adresowania dla warstwy lacza danych.',0),(192,53,'Okreslenie protokolu uzywanego przez warstwe sieciowa.',1),(193,53,'Akceptowanie segmentow i pakowanie ich do jednostek danych nazywanych pakietami.',0),(194,54,'Internetu',0),(195,54,'Fizyczna',0),(196,54,'LLC',1),(197,54,'Transportu',0),(198,54,'MAC',1),(199,54,'Dostepu do sieci',0),(200,55,'Aplikacji',0),(201,55,'Transportu',0),(202,55,'Lacza danych',1),(203,55,'Fizyczna',0),(204,56,'Magistrali',0),(205,56,'Pierscienia',0),(206,56,'Gwiazdy',1),(207,56,'Siatki',0),(208,57,'Szyfruje dane.',0),(209,57,'Okresla trase do przeslania pakietow.',0),(210,57,'Akceptuje pakiety warstwy 3 i enkapsuluje je w ramki.',1),(211,57,'Zapewnia kontrole dostepu do multimediow i wykrywa bledy.',1),(212,57,'It monitors the Layer 2 communication by building a MAC address table.',0),(213,58,'Dolaczony kabel Ethernet',0),(214,58,'Adres IP',0),(215,58,'Adres MAC',1),(216,58,'Port RJ-45',0),(217,58,'Stos protokolow TCP/IP',0),(218,59,'Preambula',0),(219,59,'Znacznik poczatku ramki',0),(220,59,'Suma kontrolna ramki (FCS)',1),(221,60,'Znacznik poczatku ramki',0),(222,60,'Suma kontrolna ramki (FCS)',0),(223,60,'Preambula',1),(224,60,'Pole danych',0),(225,61,'MAC',0),(226,61,'LLC',1),(227,62,'MAC',0),(228,62,'LLC',1),(229,63,'Kontrola dostepu danych do medium',1),(230,63,'Sprawdza bledy w odebranych bitach',1),(231,63,'Wykorzystuje CSMA/CD lub CSMA/CA do obslugi technologii Ethernet',1),(232,63,'Komunikuje sie miedzy oprogramowaniem w wyzszych warstwach a sprzetem urzadzenia w nizszych warstwach',0),(233,63,'Pozwala wielu protokolom warstwy 3 korzystac z tego samego interfejsu sieciowego i nosnika',0),(234,64,'Cut-off',0),(235,64,'Cut-through',1),(236,64,'Store-and-forward',1),(237,64,'Store-and-supply',0),(238,64,'Store-and-restore',0),(239,65,'Cut-off',0),(240,65,'Cut-through',1),(241,65,'Store-and-forward',0),(242,65,'Store-and-restore',0),(243,66,'Buforowanie pamieci dlugoterminowej',0),(244,66,'Buforowanie oparte na portach',1),(245,66,'Buforowanie w pamieci wspoldzielonej',1),(246,66,'Buforowanie pamieci krotkoterminowej',0),(247,67,'Auto-MDIX',0),(248,67,'Autoboty',0),(249,67,'Autonegocjacja',1),(250,67,'Autotune',0),(251,68,'Jest wspierana przez standardy IEEE 802.3',1),(252,68,'Jest wspierana przez standardy IEEE 802.5',0),(253,68,'Zwykle uzywa sredniej predkosci przesylu danych rownej 16 Mb/s',0),(254,68,'Stosuje metode kontroli dostepu CSMA/CD',1),(255,68,'It uses a ring topology',0),(256,69,'Musza byc unikalne na calym swiecie.',1),(257,69,'Sa one routowane tylko w sieci prywatnej.',0),(258,69,'Sa one dodawane jako czesc jednostki PDU warstwy 3.',0),(259,69,'Maja 32-bitowa wartosc binarna.',0),(260,70,'01-5E-00',0),(261,70,'FF-00-5E',0),(262,70,'FF-FF-FF',0),(263,70,'01 00 5E',1),(264,71,'Odrzuci ramke.',1),(265,71,'Przekaze ramke do nastepnego hosta.',0),(266,71,'Usunie ramke z medium.',0),(267,71,'Zdejmie ramke lacza danych aby sprawdzic docelowy adres IP.',0),(268,72,'Wtornik',0),(269,72,'Koncentrator',0),(270,72,'Przelacznik',1),(271,72,'Router',0),(272,73,'Koncentrator',0),(273,73,'Router',0),(274,73,'Przelacznik',1),(275,73,'Modem',0),(276,74,'Wykonuje enkapsulacje danych.',0),(277,74,'Komunikuje sie z gornymi warstwami protokolu.',1),(278,74,'Jest ona odpowiedzialna za kontrole dostepu do nosnika.',0),(279,74,'Dodaje naglowek i stopke w celu utworzenia jednostki PDU w warstwie 2 modelu OSI.',0),(280,75,'Ramka jest odrzucona',1),(281,75,'Rama jest zwracana do zrodlowego urzadzenia sieciowego.',0),(282,75,'Ramka jest rozglaszana do wszystkich urzadzen w sieci.',0),(283,75,'Ramka jest wysylana do bramy domyslnej.',0),(284,76,'Docelowy adres warstwy 3 przychodzacych pakietow',0),(285,76,'Docelowy adres warstwy 2 wychodzacych ramek',0),(286,76,'Zrodlowy adres warstwy 3 pakietow wychodzacych',0),(287,76,'Zrodlowy adres warstwy 2 przychodzacych ramek',1),(288,77,'Typ przelacznika Cisco',0),(289,77,'Typ zlacza Ethernet',0),(290,77,'Typ portu na przelaczniku Cisco',0),(291,77,'Funkcja wykrywajaca typ kabla Ethernet',1),(292,78,'Adres, do ktorego maja dostep wszystkie hosty wewnatrz lokalnej podsieci',0),(293,78,'Adres, do ktorego ma dostep jeden host',0),(294,78,'Adres, do ktorego maja dostep wszystkie hosty w sieci',0),(295,78,'Adres, do ktorego maja dostep hosty nalezace do pewnej grupy hostow',1),(296,79,'Adresy MAC sa implementowane przez oprogramowanie.',0),(297,79,'Karta sieciowa potrzebuje tylko adresu MAC, jesli podlaczona jest do sieci WAN.',0),(298,79,'Pierwsze trzy bajty uzyte sa przez producenta przypisujacego identyfikator OUI.',1),(299,79,'Organizacja ISO odpowiedzialna jest za regulacje dotyczace adresow MAC.',0),(300,80,'56 bajty',0),(301,80,'64 bajty',1),(302,80,'128 bajty',0),(303,80,'1024 bajty',0),(304,80,'1518 bajty',1),(305,81,'Jest ona odpowiedzialna za kontrole dostepu do nosnika.',1),(306,81,'Pelni funkcje oprogramowania sterownika karty sieciowej.',0),(307,81,'Dodaje naglowek i pole koncowe (trailer) w celu utworzenia PDU w warstwie 2 modelu OSI.',1),(308,81,'Obsluguje komunikacje pomiedzy gornymi i dolnymi warstwami.',0),(309,81,'Dodaje informacje sterujace do danych warstwy protokolu sieci.',0);
/*!40000 ALTER TABLE `odpowiedzi21` ENABLE KEYS */;
UNLOCK TABLES;

--
-- Table structure for table `pytania`
--

DROP TABLE IF EXISTS `pytania`;
/*!40101 SET @saved_cs_client     = @@character_set_client */;
/*!40101 SET character_set_client = utf8 */;
CREATE TABLE `pytania` (
  `id` int(11) NOT NULL,
  `tresc` text NOT NULL,
  `obrazek` varchar(50) DEFAULT NULL,
  `multiple` tinyint(1) DEFAULT 0,
  PRIMARY KEY (`id`)
) ENGINE=InnoDB DEFAULT CHARSET=utf8mb4 COLLATE=utf8mb4_general_ci;
/*!40101 SET character_set_client = @saved_cs_client */;

--
-- Dumping data for table `pytania`
--

LOCK TABLES `pytania` WRITE;
/*!40000 ALTER TABLE `pytania` DISABLE KEYS */;
INSERT INTO `pytania` VALUES (1,'Podczas rutynowej kontroli technik odkryl, ze oprogramowanie zainstalowane na komputerze potajemnie zbieralo dane o stronach internetowych, ktore byly odwiedzane przez uzytkownikow komputera. Jaki rodzaj zagrozenia wplywa na ten komputer?','false',0),(2,'Ktory termin odnosi sie do sieci, ktora zapewnia bezpieczny dostep do biur korporacyjnych przez dostawcow, klientow i wspolpracownikow?','false',0),(3,'Duza korporacja zmodyfikowala swoja siec, aby umozliwic uzytkownikom dostep do zasobow sieciowych z ich osobistych laptopow i smartfonow. Ktory trend sieciowy to opisuje?','false',0),(4,'Co to jest dostawca uslug internetowych (ISP)?','false',0),(6,'Pracownik oddzialu tworzy wycene dla klienta. Aby to zrobic, pracownik musi uzyskac dostep do poufnych informacji o cenach z wewnetrznych serwerow w Centrali. Do jakiego rodzaju sieci mialby dostep pracownik?','false',0),(7,'Ktore stwierdzenie opisuje wykorzystanie technologii sieci powerline?','false',0),(8,'Technik sieciowy pracuje nad siecia bezprzewodowa w klinice medycznej. Technik przypadkowo ustawia siec bezprzewodowa, aby pacjenci mogli zobaczyc dane dokumentacji medycznej innych pacjentow. Ktora z czterech cech sieci zostala naruszona w tej sytuacji?','false',0),(10,'Jakie dwa kryteria sa stosowane, aby pomoc w wyborze nosnika sieciowego sposrod roznych mediow sieciowych? (Wybierz dwa.)','false',1),(11,'Jaki rodzaj ruchu sieciowego wymaga QoS?','false',0),(12,'Uzytkownik wdraza zabezpieczenia w malej sieci biurowej. Ktore dwie czynnosci zapewnilyby minimalne wymagania bezpieczenstwa dla tej sieci? (Wybierz dwa.)','false',1),(13,'Hasla moga byc uzywane do ograniczenia dostepu do calosci lub czesci Cisco IOS. Wybierz tryby i interfejsy, ktore mozna chronic haslami. (Wybierz trzy.)','false',1),(14,'Ktory interfejs umozliwia zdalne zarzadzanie przelacznikiem warstwy 2?','false',0),(15,'Jaka funkcje ma nacisniecie klawisza Tab podczas wprowadzania polecenia w IOS?','false',0),(16,'Probujac rozwiazac problem z siecia, technik wprowadzil wiele zmian w biezacym pliku konfiguracyjnym routera. Zmiany nie rozwiazaly problemu i nie zostaly zapisane. Jakie dzialania moze podjac technik, aby odrzucic zmiany i pracowac z plikiem w pamieci NVRAM?','false',0),(17,'Administrator uzywa kombinacji klawiszy Ctrl-Shift-6 na przelaczniku po wydaniu polecenia ping. Jaki jest cel uzywania tych nacisniec klawiszy?','false',0),(18,'Zapoznaj sie z eksponatem. Administrator sieci konfiguruje kontrole dostepu, aby przelaczyc SW1. Jesli administrator uzywa polaczenia konsoli do polaczenia z przelacznikiem, jakie haslo jest potrzebne, aby uzyskac dostep do trybu EXEC uzytkownika?','z18.jpg',0),(19,'Technik konfiguruje przelacznik za pomoca nastepujacych polecen: (zobacz obrazek). Co konfiguruje technik?','z19.jpg',0),(20,'Ktore polecenie lub kombinacja klawiszy pozwala uzytkownikowi powrocic do poprzedniego poziomu w hierarchii polecen?','false',0),(21,'Jakie sa dwie cechy pamieci RAM w urzadzeniu Cisco? (Wybierz dwa.)','false',1),(22,'Ktore dwie nazwy hostow sa zgodne z wytycznymi dotyczacymi konwencji nazewnictwa na urzadzeniach Cisco IOS? (Wybierz dwa.)','false',1),(23,'Czym rozni sie SSH od Telnet?','false',0),(25,'Jakie sa trzy cechy SVI? (Wybierz trzy.)','false',1),(26,'Jakie polecenie sluzy do weryfikacji stanu interfejsow przelacznikow, w tym statusu interfejsow i skonfigurowanego adresu IP?','false',0),(29,'W poleceniu show running-config, ktora czesc skladni jest reprezentowana przez running-config?','false',0),(30,'Po wprowadzeniu zmian w konfiguracji na przelaczniku Cisco administrator sieci wydaje polecenie copy running-config startup-config. Jaki jest wynik wydania tego polecenia?','false',0),(31,'Jakie polecenie zapobiegnie wyswietlaniu wszystkich niezaszyfrowanych hasel w postaci zwyklego tekstu w pliku konfiguracyjnym?','false',0),(32,'Administrator sieci wprowadza polecenie szyfrowania hasla uslugi w trybie konfiguracji routera. Co osiaga to polecenie?','false',0),(33,'Jaka metode moga uzyc dwa komputery, aby upewnic sie, ze pakiety nie zostana upuszczone, poniewaz zbyt wiele danych jest wysylanych zbyt szybko?',NULL,0),(34,'Ktore stwierdzenie dokladnie opisuje proces enkapsulacji TCP/IP, gdy komputer wysyla dane do sieci?','false',0),(35,'Jakie trzy protokoly warstwy aplikacji sa czescia pakietu protokolow TCP/IP? (Wybierz trzy.)','false',1),(37,'Ktora nazwa jest przypisana do PDU warstwy transportowej?','false',0),(38,'Gdy adresowanie IPv4 jest konfigurowane recznie na serwerze internetowym, ktora wlasciwosc konfiguracji IPv4 identyfikuje czesc sieci i hosta dla adresu IPv4?','false',0),(39,'Jaki proces wiaze sie z umieszczeniem jednego PDU wewnatrz innego PDU?','false',0),(40,'Ktora warstwa jest odpowiedzialna za kierowanie wiadomosci przez siec internetowa w modelu TCP/IP?','false',0),(42,'Ktory format PDU jest uzywany, gdy bity sa odbierane z nosnika sieciowego przez karte sieciowa hosta?','false',0),(43,'Zapoznaj sie z eksponatem. ServerB probuje skontaktowac sie z HostA. Ktore dwa stwierdzenia poprawnie identyfikuja adresowanie, ktore ServerB wygeneruje w tym procesie? (Wybierz dwa.)','z43.jpg',1),(44,'Ktora metoda pozwala komputerowi odpowiednio reagowac, gdy zada danych z serwera, a odpowiedz serwera zajmuje zbyt duzo czasu?',NULL,0),(45,'Klient internetowy otrzymuje odpowiedz dla strony internetowej z serwera WWW. Z perspektywy klienta, jaka jest poprawna kolejnosc stosu protokolow, ktory jest uzywany do dekodowania otrzymanej transmisji?',NULL,0),(46,'Ktore dwie warstwy modelu OSI maja taka sama funkcjonalnosc jak pojedyncza warstwa modelu TCP/IP? (Wybierz dwa.)',NULL,1),(47,'Na ktorej warstwie modelu OSI zostalby dodany adres logiczny podczas enkapsulacji?',NULL,0),(48,'Jaka jest cecha wiadomosci multiemisji?',NULL,0),(49,'Ktore stwierdzenie dotyczace protokolow sieciowych jest poprawne?',NULL,0),(50,'Jaka jest zaleta urzadzen sieciowych korzystajacych z otwartych standardowych protokolow?',NULL,0),(51,'Ktore urzadzenie pelni funkcje okreslania sciezki, ktora wiadomosci powinny przejsc przez internetworks?',NULL,0),(52,'Otworz cwiczenie PT. Wykonaj zadania w instrukcjach cwiczenia, a nastepnie odpowiedz na pytanie. Jaki jest adres IP wirtualnego interfejsu przelacznika (SVI) na Switch0?','z52.jpg',0),(53,'Dlaczego przelacznik warstwy 2 mialby potrzebowac adresu IP?',NULL,0),(54,'Zapoznaj sie z eksponatem. Administrator probuje skonfigurowac przelacznik, ale otrzymuje komunikat o bledzie wyswietlany na eksponacie. Jaki jest problem?','z54.jpg',0),(55,'Jaki termin opisuje siec nalezaca do jednej organizacji, ktora zapewnia bezpieczny dostep osobom, ktore pracuja dla innej organizacji?',NULL,0),(56,'Jaki termin opisuje przechowywanie plikow osobistych na serwerach przez Internet, aby zapewnic dostep w dowolnym miejscu, w dowolnym czasie i na dowolnym urzadzeniu?',NULL,0),(57,'Jaki termin opisuje siec, w ktorej jeden komputer moze byc zarowno klientem, jak i serwerem?',NULL,0),(58,'Jaki termin opisuje rodzaj sieci uzywanej przez osoby, ktore pracuja z domu lub z malego zdalnego biura?',NULL,0),(59,'Jaki termin opisuje model obliczeniowy, w ktorym oprogramowanie serwerowe dziala na dedykowanych komputerach?',NULL,0),(61,'Jaki termin opisuje technologie, ktora umozliwia urzadzeniom laczenie sie z siecia LAN za pomoca gniazdka elektrycznego?',NULL,0),(62,'Jaki termin opisuje polityke, ktora pozwala urzadzeniom sieciowym zarzadzac przeplywem danych, aby nadac pierwszenstwo glosowi i wideo?',NULL,0),(63,'Jaki termin opisuje prywatna kolekcje sieci LAN i WAN, ktora nalezy do organizacji?',NULL,0),(64,'Jaki termin opisuje mozliwosc korzystania z urzadzen osobistych w sieci biznesowej lub kampusowej?',NULL,0),(65,'Na ktorej warstwie OSI jest zrodlowy adres IP dodawany do PDU podczas procesu enkapsulacji?',NULL,0),(66,'W ktorej warstwie OSI numer portu docelowego jest dodawany do PDU podczas procesu enkapsulacji?',NULL,0),(67,'W ktorej warstwie OSI dane sa dodawane do PDU podczas procesu enkapsulacji?',NULL,0),(68,'Na ktorej warstwie OSI jest zrodlowy adres IP dodawany do PDU podczas procesu enkapsulacji?',NULL,0),(69,'Ktora z ponizszych jest nazwa wszystkich komputerow podlaczonych do sieci, ktore uczestnicza bezposrednio w komunikacji sieciowej?',NULL,0),(70,'Na ktorej warstwie OSI jest docelowy adres IP dodawany do PDU podczas procesu enkapsulacji?',NULL,0),(71,'W ktorej warstwie OSI jest zrodlowy adres MAC dodawany do PDU podczas procesu enkapsulacji?',NULL,0),(72,'W ktorej warstwie OSI numer portu zrodlowego jest dodawany do PDU podczas procesu enkapsulacji?',NULL,0),(73,'Na ktorej warstwie OSI jest docelowy adres MAC dodawany do PDU podczas procesu enkapsulacji?',NULL,0),(74,'Kiedy dane sa kodowane jako impulsy swiatla, jakie nosniki sa uzywane do transmisji danych?',NULL,0),(75,'Ktore dwa urzadzenia sa urzadzeniami posredniczacymi? (Wybierz dwa)',NULL,1),(76,'Uczelnia buduje nowy akademik na swoim kampusie. Pracownicy kopia w ziemi, aby zainstalowac nowa rure wodna do akademika. Pracownik przypadkowo uszkadza kabel swiatlowodowy, ktory laczy dwa istniejace akademiki z centrum danych kampusu. Chociaz kabel zostal odciety, studenci w akademikach doswiadczaja tylko bardzo krotkiej przerwy w uslugach sieciowych. Jaka charakterystyka sieci jest tutaj pokazana?',NULL,0);
/*!40000 ALTER TABLE `pytania` ENABLE KEYS */;
UNLOCK TABLES;

--
-- Table structure for table `pytania2`
--

DROP TABLE IF EXISTS `pytania2`;
/*!40101 SET @saved_cs_client     = @@character_set_client */;
/*!40101 SET character_set_client = utf8 */;
CREATE TABLE `pytania2` (
  `id` int(11) NOT NULL,
  `tresc` text NOT NULL,
  `obrazek` varchar(50) DEFAULT NULL,
  `multiple` tinyint(1) DEFAULT 0,
  PRIMARY KEY (`id`)
) ENGINE=InnoDB DEFAULT CHARSET=utf8mb4 COLLATE=utf8mb4_general_ci;
/*!40101 SET character_set_client = @saved_cs_client */;

--
-- Dumping data for table `pytania2`
--

LOCK TABLES `pytania2` WRITE;
/*!40000 ALTER TABLE `pytania2` DISABLE KEYS */;
INSERT INTO `pytania2` VALUES (1,'Jaki jest cel warstwy fizycznej OSI?',NULL,0),(2,'Dlaczego uzywa sie dwoch wlokien dla jednego polaczenia optycznego?',NULL,0),(3,'Jaka cecha opisuje crosstalk?',NULL,0),(4,'Jaka procedura jest uzywana do zmniejszenia efektu crosstalk w kablach miedzianych?',NULL,0),(6,'Administrator sieci mierzy transfer bitow wzdluz podstawy firmy dla misji krytyczna aplikacja finansowa. Administrator zauwaza ze przepustowosc sieci wydaje sie nizsza niz oczekiwana przepustowosc. Jakie trzy czynniki moglyby wplyw na roznice w przepustowosci? (Wybierz trzy.)',NULL,1),(7,'Jakie sa dwie cechy kabla swiatlowodowego? (Wybierz dwa.)',NULL,1),(8,'Jaka jest podstawowa rola warstwy fizycznej w transmisja danych w sieci?',NULL,0),(9,'Z uzyciem nieekranowanej pary skreconej miedzi W sieci, co powoduje przesluch w kablu? pary?',NULL,0),(10,'Odnies sie do grafiki. Jaki rodzaj okablowania jest pokazany?','./img/z10.jpg',0),(11,'Oprocz dlugosci kabla, jakie dwa czynniki moglyby zaklocic komunikacje przeprowadzona przez Kable UTP? (Wybierz dwa.)',NULL,1),(12,'Odniesienie do grafiki. Jaki typ okablowania jest pokazany?','./img/z12.jpg',0),(13,'Ktore dwa urzadzenia najczesciej wplywaja na lacznosc bezprzewodowa sieci? (Wybierz dwa.)',NULL,1),(14,'Ktore dwa stwierdzenia opisuja uslugi zapewnia warstwa lacza danych? (Wybierz dwie.)',NULL,1),(15,'Jaka jest funkcja wartosci CRC, ktora sie znajduje w polu FCS ramki?',NULL,0),(16,'Co zawiera przyczepa ramki zwiazku danych?',NULL,0),(17,'Ktore stwierdzenie opisuje ceche pola naglowka ramki warstwy lacza danych?',NULL,0),(18,'Zespol sieciowy porownuje fizyczne WAN topologie laczenia zdalnych lokalizacji z budynek glownej siedziby. Ktora topologia zapewnia wysoka dostepnosc i laczy niektore, ale nie wszystkie, zdalne strony?',NULL,0),(19,'Jakie dwa pola lub cechy bada Ethernet aby okreslic, czy odebrany ramka jest przekazywana do danych warstwa lacza lub odrzucona przez NIC? (Wybierz dwa.)',NULL,1),(20,'Ktory rodzaj komunikacji medialnej nie wymaga arbitraz mediow w warstwie lacza danych?',NULL,0),(21,'Ktore stwierdzenie opisuje rozszerzona gwiazde topologia?',NULL,0),(22,'Jaka jest cecha podwarstwy LLC?',NULL,0),(23,'Jakie sa trzy sposoby, w jakie kontrola dostepu do mediow jest uzywane w sieciach? (Wybierz trzy.)',NULL,1),(24,'Podczas procesu kapsulkowania, co sie dzieje w warstwie lacza danych dla komputera PC podlaczonego do Ethernetu siec?',NULL,0),(25,'Jakie trzy przedmioty sa zawarte w Ethernet? naglowek i przyczepa? (Wybierz trzy.)',NULL,1),(26,'Jaki typ zasady komunikacji bylby najlepszy opisz CSMA/CD?',NULL,0),(27,'Jakie trzy podstawowe czesci sa wspolne dla wszystkich ram? rodzaje wspierane przez warstwe lacza danych? (Wybierz trzy.)',NULL,1),(28,'Ktore stwierdzenie jest prawdziwe w odniesieniu do dostepu CSMA/CD? metoda stosowana w Ethernet?',NULL,0),(29,'Czym jest funkcja auto-MDIX na przelaczniku?',NULL,0),(30,'Odnies sie do wystawy. Jaki jest docelowy MAC adres ramki Ethernet, gdy opuszcza siec serwer jesli ostatecznym celem jest PC1?','./img/z30.jpg',0),(31,'Przelacznik warstwy 2 jest uzywany do przelaczania przychodzacych ramek z portu 1000BASE-T do portu podlaczonego do Siec 100Base-T. Jaka metoda buforowania pamieci co najlepiej dzialaloby w tym zadaniu?',NULL,0),(32,'Jakie sa dwa przyklady przelaczania bezposredniego? metoda? (Wybierz dwie.)',NULL,1),(33,'Ktora metoda przesylania ramek odbiera calosc ramka i wykonuje sprawdzenie CRC w celu wykrycia bledow zanim przekazany zostanie ramka?',NULL,0),(34,'Jaki jest cel pola FCS w ramce?',NULL,0),(35,'Ktora metoda przelaczania ma najnizszy poziom opoznienie?',NULL,0),(36,'Administrator sieci laczy dwa nowoczesne przelaczniki uzywajace kabla prostego. Przelaczniki sa nowe i nigdy nie byly konfigurowane. Ktore trzy stwierdzenia sa poprawne dotyczace koncowego wyniku polaczenie? (Wybierz trzy.)',NULL,1),(37,'Jaka przewage ma system przechowywania i przekazywania metoda przelaczania zostala porownana z metoda bezposredniego przekazywania metoda przelaczania?',NULL,0),(38,'Kiedy metoda przelaczania store-and-forward jest w uzyciu, ktora czesc ramki Ethernet jest uzywana do przeprowadzic kontrole bledow?',NULL,0),(39,'Ktora metoda przelaczania wykorzystuje wartosc CRC w ramka?',NULL,0),(40,'Jakie sa dwa dzialania wykonywane przez przelacznik Cisco? (Wybierz dwa.)',NULL,1),(41,'Ktore dwa stwierdzenia opisuja cechy lub funkcje podwarstwy kontrolnej lacza logicznego w Ethernet standardy? (Wybierz dwa.)',NULL,1),(42,'Czym jest funkcja auto-MDIX?',NULL,0),(43,'Jaka przewage ma zastosowanie przekroju? metoda przelaczania zamiast magazynowania i przekazywania metoda przelaczania?',NULL,0),(44,'Ktory z nich jest adresem MAC multicast?',NULL,0),(45,'Odnies sie do wykresu. Co jest nie tak z wyswietlone zakonczenie?','./img/z45.jpg',0),(46,'Odnies sie do eksponatu. Komputer PC jest podlaczony do port konsolowy przelacznika. Wszystkie inne polaczenia sa realizowane przez lacza FastEthernet. Jakie typy Czy kable UTP moga byc uzywane do laczenia urzadzen?','./img/z46.jpg',0),(47,'Otworz aktywnosc PT. Wykonaj zadania w instrukcje dotyczace aktywnosci, a nastepnie odpowiedz na pytanie. Z ktorego portu Switch0 wysyla ramki do host z adresem IPv4 10.1.1.5?','./img/z47.jpg',0),(48,'Co oznacza termin \"oslabienie\" w danych komunikacja?',NULL,0),(49,'Co sprawia, ze wlokno jest bardziej preferowane od kabli miedzianych dla polaczone budynki? (Wybierz trzy.)',NULL,1),(50,'Jaki termin warstwy fizycznej OSI opisuje ten proces w jaki sposob jedna fala modyfikuje inna fale?',NULL,0),(51,'Jaki termin warstwy fizycznej OSI opisuje pojemnosc jakie medium moze przenosic dane?',NULL,0),(52,'Jaki termin warstwy fizycznej OSI opisuje pojemnosc na ktorym medium mozna przenosic dane?',NULL,0),(53,'Jaki termin warstwy fizycznej OSI opisuje pomiar przesy?ania bitow przez medium w okreslonym czasie okres czasu?',NULL,0),(54,'Jaki termin warstwy fizycznej OSI opisuje ilosc czasu, w tym opoznien, na przesylanie danych z jednego wskazac na inny?',NULL,0),(55,'Jaki termin zwiazany z warstwa fizyczna OSI opisuje ilosc czasu, w tym opoznien, na przemieszczenie sie danych z jednego wskazac na inny?',NULL,0),(56,'Jaki termin warstwy fizycznej OSI opisuje miare uzytecznych danych przesy?anych w okreslonym czasie?',NULL,0),(57,'Jaki termin warstwy fizycznej OSI opisuje fizyczna medium, ktory wykorzystuje impulsy elektryczne?','./img/z57.jpg',0),(58,'Jaki termin warstwy fizycznej OSI opisuje fizyczna medium, ktore wykorzystuje propagacje swiatla?','./img/z58.jpg',0),(59,'Jaki termin warstwy fizycznej OSI opisuje fizyczny medium do transmisji mikrofalowej?','./img/z59.jpg',0),(60,'Ktore dwie funkcje sa wykonywane na MAC warstwa podrzedna warstwy lacza danych OSI? (Wybierz trzy.)','./img/z60.jpg',1),(61,'Jakie dwie funkcje sa realizowane w LLC warstwa podpoziomu warstwy lacza danych OSI? (Wybierz dwa.)','./img/z61.jpg',1),(64,'Jakie dwie funkcje sa wykonywane w LLC podwarstwa warstwy lacza danych OSI? (Wybierz dwa.)','./img/z64.jpg',1),(66,'Jakie dwie funkcje sa wykonywane w LLC podwarstwa warstwy lacza danych OSI? (Wybierz dwie.)','./img/z66.jpg',1),(68,'Jakie dwie funkcje sa wykonywane w LLC podwarstwa warstwy lacza danych OSI? (Wybierz dwie.)','./img/z68.jpg',1),(70,'Jaka akcja zostanie podjeta, jesli przelacznik otrzyma ramke i ma adres MAC zrodlowy w MAC stol?','./img/z70.jpg',0),(71,'Jaka akcje podejmie przelacznik, gdy otrzyma ramke z docelowym adresem MAC FF:FF:FF:FF:FF:FF?','./img/z71.jpg',0),(72,'Jakie dzialanie nastapi, jesli host otrzyma ramke z adresem MAC docelowym, ktorego nie rozpoznaje?','./img/z72.jpg',0),(73,'Jakie dzialanie nastapi, jesli przelacznik otrzyma ramke z adresem MAC docelowym 01:00:5E:00:00:D9?','./img/z73.jpg',0),(74,'Jakie dzialanie nastapi, jesli host otrzyma ramke z adresem MAC docelowym FF:FF:FF:FF:FF:FF?','./img/z74.jpg',0),(75,'Jakie dzialanie nastapi, jesli przelacznik otrzyma ramke i ma adres MAC zrodlowy w MAC stol?','./img/z75.jpg',0),(77,'Jakie dzialanie wystapi, jesli przelacznik otrzyma ramke i ma adres MAC zrodlowy w adresie MAC stol?','./img/z77.jpg',0),(78,'Jaka akcja wystapi, jesli host otrzyma ramke z adresem MAC docelowym, ktorego nie rozpoznaje?','./img/z78.jpg',0),(80,'Jaki typ kabla UTP jest uzywany do podlaczenia komputera PC do port przelacznika?','./img/z80.jpg',0);
/*!40000 ALTER TABLE `pytania2` ENABLE KEYS */;
UNLOCK TABLES;

--
-- Table structure for table `pytania21`
--

DROP TABLE IF EXISTS `pytania21`;
/*!40101 SET @saved_cs_client     = @@character_set_client */;
/*!40101 SET character_set_client = utf8 */;
CREATE TABLE `pytania21` (
  `id` int(11) NOT NULL,
  `tresc` text NOT NULL,
  `obrazek` varchar(50) DEFAULT NULL,
  `multiple` tinyint(1) DEFAULT 0,
  PRIMARY KEY (`id`)
) ENGINE=InnoDB DEFAULT CHARSET=utf8mb4 COLLATE=utf8mb4_general_ci;
/*!40101 SET character_set_client = @saved_cs_client */;

--
-- Dumping data for table `pytania21`
--

LOCK TABLES `pytania21` WRITE;
/*!40000 ALTER TABLE `pytania21` DISABLE KEYS */;
INSERT INTO `pytania21` VALUES (1,'Prawda czy falsz? Warstwa fizyczna dotyczy tylko przewodowych polaczen sieciowych.',NULL,0),(2,'Prawda czy falsz? Gdy ramka jest kodowana przez warstwe fizyczna, wszystkie bity sa przesylane przez nosnik w tym samym czasie.',NULL,0),(3,'Warstwa fizyczna urzadzenia odbiorczego przekazuje bity do ktorej warstwy wyzszego poziomu?',NULL,0),(4,'Jaka jednostka PDU jest odbierana przez warstwe fizyczna do kodowania i transmisji?',NULL,0),(5,'Ktore media wykorzystuja wzorce mikrofal do reprezentowania bitow?',NULL,0),(6,'Ktore media uzywaja wzorcow swiatla do reprezentowania bitow?',NULL,0),(7,'Ktore media wykorzystuja impulsy elektryczne do reprezentowania bitow?',NULL,0),(8,'Ktora z nich jest nazwa zdolnosci nosnika do przenoszenia danych?',NULL,0),(9,'Ktore z nich jest miara transferu bitow w mediach?',NULL,0),(10,'Ktore z ponizszych polaczy anteny do urzadzen bezprzewodowych? Mozna go rowniez polaczyc z okablowaniem swiatlowodowym do dwukierunkowej transmisji danych.',NULL,0),(11,'Ktory z ponizszych przeciwdziala EMI i RFI przy uzyciu technik ekranowania i specjalnych zlaczy?',NULL,0),(12,'Ktory z ponizszych jest najpopularniejszym nosnikiem sieciowym?',NULL,0),(13,'Ktore z ponizszych zakonczone jest zlaczami typu BNC, N i F?',NULL,0),(14,'Ktore z ponizszych typow kabli swiatlowodowych moga pomoc w transmisji danych na odleglosci okolo 500 metrow?',NULL,0),(15,'Ktore z ponizszych typow kabli swiatlowodowych wykorzystuja diody elektroluminescencyjne (diody LED) jako nadajnik zrodla danych?',NULL,0),(16,'Ktore z ponizszych typow kabli swiatlowodowych wykorzystuja lasery jako transmitery pojedynczego promienia swiatla?',NULL,0),(17,'Ktory z ponizszych rodzajow kabli swiatlowodowych jest uzywany do laczenia telefonii na duze odleglosci i w telewizji kablowej?',NULL,0),(18,'Ktore z ponizszych typow kabli swiatlowodowych moga przenosic sygnal na okolo 62,5 mil lub 100 km/100000 m?',NULL,0),(19,'Ktory z ponizszych typow kabli swiatlowodowych jest uzywany w sieciach kampusowych?',NULL,0),(20,'Administrator sieci rozwiazuje problem z polaczeniem na serwerze. Uzywajac testera administrator stwierdza, ze sygnaly generowane przez karte sieciowa serwera sa znieksztalcone i bezuzyteczne. Do ktorej warstwy modelu OSI nalezy przyporzadkowac ten blad?',NULL,0),(21,'Jaki rodzaj kabla sluzy do podlaczenia portu szeregowego stacji roboczej do portu konsoli routera Cisco?',NULL,0),(22,'Dlaczego do pojedynczego polaczenia swiatlowodowego wykorzystywane sa dwie zyly swiatlowodu?',NULL,0),(23,'Ktora procedura jest uzywana do redukcji skutkow przesluchow w kablach miedzianych?',NULL,0),(24,'Jaka jest glowna korzysc ze stosowania okablowania swiatlowodowego w stosunku do miedzianego?',NULL,0),(25,'Administrator sieci projektuje nowa infrastrukture sieciowa, ktora zawiera jednoczesnie technologie przewodowa i bezprzewodowa. W jakiej sytuacji rekomendowane sa polaczenia bezprzewodowe?',NULL,0),(26,'Jaki typ kabla UTP sluzy do podlaczenia komputera do portu przelacznika?',NULL,0),(27,'Ktora to definicja szerokosci pasma?',NULL,0),(28,'Co jest cecha okablowania UTP?',NULL,0),(29,'Bezprzewodowa sieci LAN jest wdrozona wewnatrz nowego pomieszczenia biurowego, zajmowanego przez straznika w parku. Biuro znajduje sie w najwyzszej czesci parku narodowego. Po zakonczeniu testowania sieci, technicy zglaszaja, ze sygnal sieci bezprzewodowej LAN jest czasami zaklocany przez pewnego rodzaju interferencje. Jakie sa dwie mozliwe przyczyny zaklocen sygnalu? (Wybierz dwie odpowiedzi.)',NULL,1),(30,'Ktora cecha opisuje przesluch?',NULL,0),(31,'Co wskazuje termin przepustowosc?',NULL,0),(32,'Ktora organizacja normalizacyjna nadzoruje rozwoj standardow bezprzewodowej sieci LAN?',NULL,0),(33,'Jaka jest inna nazwa warstwy lacza danych OSI?',NULL,0),(34,'Warstwa lacza danych IEEE 802 LAN/MAN sklada sie z jakich dwoch podwarstw? (Wybierz dwie odpowiedzi.)',NULL,1),(35,'Jaka jest odpowiedzialnosc podwarstwy MAC?',NULL,0),(36,'Ktore funkcje warstwy 2 wykonuje router? (Wybierz trzy odpowiedzi )',NULL,1),(37,'Zastosowana metoda kontroli dostepu do mediow zalezy od ktorych dwoch kryteriow?',NULL,1),(38,'Ktora organizacja definiuje standardy dla warstwy dostepu do sieci (tj. warstwy fizycznej OSI i lacza danych)?',NULL,0),(39,'Ktora topologia wyswietla adresy IP warstwy sieciowej urzadzen?',NULL,0),(40,'Ktora topologia sieci LAN jest topologia hybrydowa?',NULL,0),(41,'Ktora metoda komunikacji duplex jest stosowana w sieci WLAN?',NULL,0),(42,'Ktora metoda kontroli dostepu do mediow jest stosowana w starszych sieciach sieciowych Ethernet?',NULL,0),(43,'Co dodaje warstwa lacza danych do pakietu warstwy 3, aby utworzyc ramke? (Wybierz dwie odpowiedzi.)',NULL,1),(44,'Jaka jest funkcja ostatniego pola w ramce warstwy lacza danych?',NULL,0),(45,'Ktore z ponizszych sa protokolami warstwy lacza danych? (Wybierz trzy odpowiedzi )',NULL,1),(46,'Jaki identyfikator jest uzywany w warstwie lacza danych do jednoznacznej identyfikacji urzadzenia Ethernet?',NULL,0),(47,'Jaki atrybut karty sieciowej jest umieszczany w warstwie lacza danych modelu OSI?',NULL,0),(48,'Ktore dwie organizacje inzynierskie definiuja otwarte standardy i protokoly, ktore maja zastosowanie do warstwy lacza danych? (Wybierz dwie odpowiedzi.)',NULL,1),(49,'Wybierz prawdziwe zdanie dotyczace topologii logicznych i fizycznych?',NULL,0),(50,'Ktora metoda jest uzywana do zarzadzania dostepem do sieci bezprzewodowej opartej o rywalizacje?',NULL,0),(51,'Technik zostal poproszony o stworzenie fizycznej topologii sieci, ktora zapewni wysoki poziom nadmiarowosci. Ktora topologia fizyczna wymaga, by kazdy wezel zostal polaczony z kazdym innym wezlem w sieci?',NULL,0),(52,'Ktore stwierdzenie opisuje tryb poldupleksu w transmisji danych?',NULL,0),(53,'Jaka role pelni podwarstwa Logical Link Control (LLC)?',NULL,0),(54,'Jakie sa dwie podwarstwy warstwy lacza danych modelu OSI? (Wybierz dwie odpowiedzi.)',NULL,1),(55,'Ktora warstwa modelu OSI odpowiedzialna jest za okreslenie metody enkapsulacji zastosowanej dla konkretnego rodzaju medium transmisji?',NULL,0),(56,'Jaki rodzaj fizycznej topologii mozna stworzyc poprzez podlaczenie wszystkich kabli Ethernet do urzadzenia centralnego?',NULL,0),(57,'Ktore to dwie uslugi wykonywane przez warstwe lacza danych modelu OSI? (Wybierz dwie odpowiedzi )',NULL,1),(58,'Jaki atrybut karty sieciowej jest umieszczany w warstwie lacza danych modelu OSI?',NULL,0),(59,'Ktora czesc ramki Ethernet wykrywa bledy w ramce?',NULL,0),(60,'Ktora czesc ramki Ethernet powiadamia odbiornik, aby przygotowac sie do nowej ramki?',NULL,0),(61,'Ktora podwarstwa lacza danych steruje interfejsem sieciowym poprzez sterowniki?',NULL,0),(62,'Ktora podwarstwa lacza danych wspolpracuje z gornymi warstwami w celu dodania informacji o aplikacji w celu dostarczenia danych do protokolow wyzszego poziomu?',NULL,0),(63,'Jaka jest funkcja podwarstwy MAC? (Wybierz trzy odpowiedzi)',NULL,1),(64,'Jakie sa dwie metody przelaczania danych miedzy portami na przelaczniku? (Wybierz dwie odpowiedzi.)',NULL,1),(65,'Ktora metode przelaczania mozna zaimplementowac za pomoca przelaczania fast-forward lub fragment-free?',NULL,0),(66,'Ktore dwa rodzaje technik buforowania pamieci sa uzywane przez przelaczniki? (Wybierz dwie odpowiedzi.)',NULL,1),(67,'Jaka funkcja automatycznie negocjuje najlepsze ustawienia predkosci i dupleksu miedzy urzadzeniami laczacymi?',NULL,0),(68,'Ktore dwie cechy opisuja technologie Ethernet? (Wybierz dwie odpowiedzi.)',NULL,1),(69,'Jakie stwierdzenie opisuje ceche adresow MAC?',NULL,0),(70,'Jaka jest wartosc specjalna przypisana do pierwszych 24 bitow multicastowego adresu MAC?',NULL,0),(71,'Co zrobi host w sieci Ethernet jezeli otrzyma ramke z adresem MAC przeznaczenia (docelowym), ktory nie pasuje do jego wlasnego adresu MAC?',NULL,0),(72,'Ktore urzadzenie sieciowe podejmuje decyzje o przekazaniu ramki na podstawie docelowego adresu MAC, ktory jest zawarty w ramce?',NULL,0),(73,'Ktore urzadzenie sieciowe ma podstawowa funkcje wysylania danych do okreslonego miejsca docelowego na podstawie informacji znajdujacych sie w tablicy adresow MAC?',NULL,0),(74,'Ktora funkcja lub operacja jest wykonywana przez podwarstwe LLC?',NULL,0),(75,'Co dzieje sie z karlowata ramka odbierana przez przelacznik Cisco Ethernet?',NULL,0),(76,'Jakie informacje adresowe sa rejestrowane przez przelacznik by zbudowac swoja tablice adresow MAC?',NULL,0),(77,'Co to jest Auto-MDIX?',NULL,0),(78,'Co to za typ adresu adresu 01-00-5E-0A-00-02?',NULL,0),(79,'Ktore stwierdzenie o adresach MAC jest prawdziwe?',NULL,0),(80,'Jakie sa dwa rozmiary (minimalne i maksymalne) ramki Ethernet? (Wybierz dwie odpowiedzi.)',NULL,1),(81,'Ktore dwie funkcje lub operacje sa wykonywane przez podwarstwe MAC? (Wybierz dwie odpowiedzi.)',NULL,1);
/*!40000 ALTER TABLE `pytania21` ENABLE KEYS */;
UNLOCK TABLES;
/*!40103 SET TIME_ZONE=@OLD_TIME_ZONE */;

/*!40101 SET SQL_MODE=@OLD_SQL_MODE */;
/*!40014 SET FOREIGN_KEY_CHECKS=@OLD_FOREIGN_KEY_CHECKS */;
/*!40014 SET UNIQUE_CHECKS=@OLD_UNIQUE_CHECKS */;
/*!40101 SET CHARACTER_SET_CLIENT=@OLD_CHARACTER_SET_CLIENT */;
/*!40101 SET CHARACTER_SET_RESULTS=@OLD_CHARACTER_SET_RESULTS */;
/*!40101 SET COLLATION_CONNECTION=@OLD_COLLATION_CONNECTION */;
/*!40111 SET SQL_NOTES=@OLD_SQL_NOTES */;

-- Dump completed on 2026-04-22 15:16:24
